,day,kWh,kW,occupied,kw_per_person,kw_per_sq_ft,week,Date,max_temp,min_temp,average_temp
0,0,"1,439.9760",80.64,0.0,0.5448648648648649,1.4425760286225402,0,2020-01-01,49.1,35.2,41.1
1,1,"1,325.8080",68.064,0.0,0.45989189189189184,1.217602862254025,0,2020-01-02,53.1,38.3,46.7
2,2,"1,340.0880",71.04,0.0,0.48000000000000004,1.270840787119857,0,2020-01-04,50.8,36.1,41.8
3,3,"1,432.7040",69.12,0.0,0.46702702702702703,1.2364937388193202,0,2020-01-05,48.8,31.1,39.7
4,4,"1,570.9921",101.76,1.0,0.6875675675675677,1.8203935599284438,0,2020-01-06,49.0,30.0,38.9
5,5,"1,686.6240",124.8,1.0,0.8432432432432432,2.2325581395348837,0,2020-01-07,50.1,35.2,41.2
6,6,"1,793.6400",105.6,1.0,0.7135135135135134,1.889087656529517,0,2020-01-08,47.5,33.3,39.5
7,7,"1,710.5520",118.08,1.0,0.7978378378378378,2.1123434704830055,1,2020-01-09,59.3,31.8,46.6
8,8,"1,525.1281",96.96,1.0,0.6551351351351351,1.734525939177102,1,2020-01-10,66.2,56.3,60.6
9,9,"1,557.7200",127.68,1.0,0.8627027027027028,2.284078711985689,1,2020-01-11,72.4,50.5,63.5
10,10,"1,608.6240",102.72,1.0,0.6940540540540541,1.837567084078712,1,2020-01-12,48.4,39.1,43.2
11,11,"1,680.5280",116.16,1.0,0.7848648648648648,2.0779964221824687,1,2020-01-13,48.7,36.2,41.8
12,12,"1,613.9280",116.16,1.0,0.7848648648648648,2.0779964221824687,1,2020-01-14,55.4,40.1,49.8
13,13,"1,562.7360",110.4,1.0,0.745945945945946,1.9749552772808587,1,2020-01-15,67.0,36.5,52.2
14,14,"1,721.3521",100.8,1.0,0.681081081081081,1.8032200357781754,2,2020-01-16,48.3,30.7,41.0
15,15,"1,856.6641",120.96,1.0,0.8172972972972973,2.1638640429338105,2,2020-01-17,37.2,25.8,31.4
16,16,"1,758.1440",117.12,1.0,0.7913513513513514,2.0951699463327373,2,2020-01-18,53.1,37.9,46.6
17,17,"2,056.5840",152.64,1.0,1.0313513513513513,2.7305903398926654,2,2020-01-19,35.7,17.3,25.0
18,18,"2,294.5920",133.44,1.0,0.9016216216216216,2.3871198568872987,2,2020-01-20,26.9,15.5,21.0
19,19,"2,079.1440",134.4,1.0,0.9081081081081082,2.4042933810375673,2,2020-01-21,32.4,21.5,26.2
20,20,"2,026.4160",150.72,1.0,1.0183783783783784,2.696243291592129,2,2020-01-22,41.7,16.6,28.9
21,21,"1,852.8000",103.68,1.0,0.7005405405405406,1.8547406082289806,3,2020-01-23,49.9,33.1,40.2
22,22,"1,684.9440",126.72,1.0,0.8562162162162162,2.2669051878354205,3,2020-01-24,49.6,41.3,44.9
23,23,"1,850.3521",112.32,1.0,0.7589189189189188,2.009302325581395,3,2020-01-25,40.1,34.3,36.5
24,24,"1,855.0320",129.6,1.0,0.8756756756756756,2.3184257602862255,3,2020-01-26,44.8,33.1,38.1
25,25,"1,785.5280",118.08,1.0,0.7978378378378378,2.1123434704830055,3,2020-01-27,46.9,33.5,40.1
26,26,"1,866.7920",102.72,1.0,0.6940540540540541,1.837567084078712,3,2020-01-28,36.7,32.5,34.8
27,27,"1,724.1600",93.12,1.0,0.6291891891891892,1.6658318425760288,3,2020-01-29,37.6,31.6,34.6
28,28,"1,629.1680",107.52,1.0,0.7264864864864865,1.9234347048300537,4,2020-01-30,43.4,30.3,36.5
29,29,"1,640.7600",94.08,1.0,0.6356756756756756,1.683005366726297,4,2020-01-31,41.5,34.8,37.9
30,30,"1,647.8640",87.36,1.0,0.5902702702702702,1.5627906976744186,4,2020-02-01,42.3,35.9,38.6
31,31,"1,585.8000",87.36,1.0,0.5902702702702702,1.5627906976744186,4,2020-02-02,62.4,31.7,45.6
32,32,"1,520.5441",100.8,1.0,0.681081081081081,1.8032200357781754,4,2020-02-03,65.5,45.1,55.7
33,33,"1,657.1520",101.76,1.0,0.6875675675675677,1.8203935599284438,4,2020-02-04,62.8,42.0,55.4
34,34,"1,778.0400",135.264,1.0,0.913945945945946,2.419749552772809,4,2020-02-05,39.2,33.8,36.0
35,35,"1,888.0560",135.264,1.0,0.913945945945946,2.419749552772809,5,2020-02-06,37.1,31.1,35.1
36,36,"2,198.3040",131.52,1.0,0.8886486486486487,2.3527728085867623,5,2020-02-07,31.2,25.6,28.7
37,37,"2,292.2400",149.76,1.0,1.0118918918918918,2.6790697674418604,5,2020-02-08,37.2,27.2,31.6
38,38,"2,236.7761",136.224,1.0,0.9204324324324323,2.436923076923077,5,2020-02-09,49.9,21.8,36.4
39,39,"1,983.9840",128.64,1.0,0.8691891891891891,2.301252236135957,5,2020-02-10,51.1,42.0,47.5
40,40,"2,173.1040",141.12,1.0,0.9535135135135135,2.5245080500894455,5,2020-02-11,41.0,35.1,37.9
41,41,"2,174.9761",141.12,1.0,0.9535135135135135,2.5245080500894455,5,2020-02-12,38.4,31.5,35.7
42,42,"2,356.5840",159.36,1.0,1.0767567567567569,2.850805008944544,6,2020-02-13,37.6,24.4,34.8
43,43,"2,172.9121",145.92,1.0,0.9859459459459459,2.610375670840787,6,2020-02-14,25.2,15.8,19.9
44,44,"2,108.4719",123.84,1.0,0.8367567567567568,2.2153846153846155,6,2020-02-15,45.5,13.7,29.4
45,45,"1,883.2321",131.52,1.0,0.8886486486486487,2.3527728085867623,6,2020-02-16,49.2,33.7,42.4
46,46,"1,937.1600",128.64,1.0,0.8691891891891891,2.301252236135957,6,2020-02-17,54.9,31.3,43.7
47,47,"1,712.7120",120.0,1.0,0.8108108108108109,2.146690518783542,6,2020-02-18,55.4,37.5,48.8
48,48,"1,853.0160",124.8,1.0,0.8432432432432432,2.2325581395348837,6,2020-02-19,45.2,27.5,35.8
49,49,"2,014.1281",136.224,1.0,0.9204324324324323,2.436923076923077,7,2020-02-20,37.7,22.9,32.1
50,50,"2,129.0161",128.64,1.0,0.8691891891891891,2.301252236135957,7,2020-02-21,36.7,15.2,25.3
51,51,"2,026.0560",129.6,1.0,0.8756756756756756,2.3184257602862255,7,2020-02-22,48.6,19.2,33.3
52,52,"1,841.1840",108.48,1.0,0.732972972972973,1.9406082289803221,7,2020-02-23,56.7,28.3,41.7
53,53,"1,821.0480",126.72,1.0,0.8562162162162162,2.2669051878354205,7,2020-02-24,45.5,41.0,43.8
54,54,"1,735.0081",111.36,1.0,0.7524324324324324,1.9921288014311271,7,2020-02-25,52.5,45.9,49.5
55,55,"1,859.5439",129.6,1.0,0.8756756756756756,2.3184257602862255,7,2020-02-26,46.5,29.3,39.3
56,56,"2,095.2720",140.16,1.0,0.947027027027027,2.5073345259391773,8,2020-02-27,36.1,25.8,30.3
57,57,"1,916.9520",132.48,1.0,0.8951351351351351,2.3699463327370305,8,2020-02-28,39.5,30.4,34.4
58,58,"2,061.9600",137.184,1.0,0.9269189189189189,2.454096601073345,8,2020-02-29,38.5,19.1,29.1
59,59,"1,934.2560",131.52,1.0,0.8886486486486487,2.3527728085867623,8,2020-03-01,63.0,25.2,44.5
60,60,"1,756.7040",119.04,1.0,0.8043243243243243,2.1295169946332737,8,2020-03-02,56.6,47.7,52.4
61,61,"1,678.0081",109.44,1.0,0.7394594594594595,1.9577817531305903,8,2020-03-03,58.0,44.7,52.6
62,62,"1,664.5200",125.76,1.0,0.8497297297297297,2.2497316636851523,8,2020-03-04,61.9,33.0,48.1
63,63,"1,795.0800",114.24,1.0,0.7718918918918919,2.043649373881932,9,2020-03-05,60.6,35.5,47.4
64,64,"1,950.0480",127.68,1.0,0.8627027027027028,2.284078711985689,9,2020-03-06,50.7,34.6,38.9
65,65,"1,830.7681",117.12,1.0,0.7913513513513514,2.0951699463327373,9,2020-03-07,48.4,29.6,37.4
66,66,"1,741.5599",124.8,1.0,0.8432432432432432,2.2325581395348837,9,2020-03-08,64.3,30.2,46.7
67,67,"1,776.5520",121.92,1.0,0.8237837837837838,2.1810375670840787,9,2020-03-09,65.2,45.9,56.0
68,68,"1,872.5760",111.36,1.0,0.7524324324324324,1.9921288014311271,9,2020-03-10,59.7,47.4,55.0
69,69,"1,812.0959",123.84,1.0,0.8367567567567568,2.2153846153846155,9,2020-03-11,56.7,45.6,49.5
70,70,"1,841.1360",135.264,1.0,0.913945945945946,2.419749552772809,10,2020-03-12,67.3,40.6,55.4
71,71,"1,898.2560",136.224,1.0,0.9204324324324323,2.436923076923077,10,2020-03-13,62.0,43.1,52.5
72,72,"1,889.2080",128.64,1.0,0.8691891891891891,2.301252236135957,10,2020-03-14,44.0,36.1,40.4
73,73,"1,988.0160",144.0,1.0,0.972972972972973,2.5760286225402504,10,2020-03-15,40.9,34.8,38.0
74,74,"1,956.2640",140.16,1.0,0.947027027027027,2.5073345259391773,10,2020-03-16,46.0,38.6,42.0
75,75,"1,704.1680",110.4,1.0,0.745945945945946,1.9749552772808587,10,2020-03-17,51.6,40.7,45.4
76,76,"1,441.9200",80.64,1.0,0.5448648648648649,1.4425760286225402,10,2020-03-18,63.1,38.7,52.6
77,77,"1,323.3361",84.48,1.0,0.5708108108108109,1.5112701252236138,11,2020-03-19,70.6,60.1,64.9
78,78,"1,350.3840",68.064,0.0,0.45989189189189184,1.217602862254025,11,2020-03-20,72.1,44.3,64.2
79,79,"1,382.4000",70.08,0.0,0.4735135135135135,1.2536672629695886,11,2020-03-21,43.6,34.8,37.4
80,80,"1,455.8160",77.76,0.0,0.5254054054054055,1.3910554561717354,11,2020-03-22,49.8,30.3,40.1
81,81,"1,411.6560",94.08,0.0,0.6356756756756756,1.683005366726297,11,2020-03-23,54.4,44.1,48.4
82,82,"1,377.2400",69.12,0.0,0.46702702702702703,1.2364937388193202,11,2020-03-24,54.6,39.9,47.0
83,83,"1,313.5200",72.96,0.0,0.49297297297297293,1.3051878354203934,11,2020-03-25,60.3,41.4,49.2
84,84,"1,319.2080",77.76,0.0,0.5254054054054055,1.3910554561717354,12,2020-03-26,73.8,42.0,59.2
85,85,"1,330.1520",75.84,0.0,0.5124324324324324,1.3567084078711986,12,2020-03-27,77.6,56.5,67.7
86,86,"1,381.0560",74.88,0.0,0.5059459459459459,1.3395348837209302,12,2020-03-28,78.7,65.9,71.8
87,87,"1,366.9200",94.08,0.0,0.6356756756756756,1.683005366726297,12,2020-03-29,67.8,56.8,64.4
88,88,"1,290.3600",68.064,0.0,0.45989189189189184,1.217602862254025,12,2020-03-30,63.0,47.6,54.3
89,89,"1,236.7440",71.04,0.0,0.48000000000000004,1.270840787119857,12,2020-03-31,48.9,40.7,44.7
90,90,"1,348.9680",71.04,0.0,0.48000000000000004,1.270840787119857,12,2020-04-01,52.9,40.4,45.7
91,91,"1,289.3760",66.24,0.0,0.44756756756756755,1.1849731663685152,13,2020-04-02,60.2,34.3,48.1
92,92,"1,269.8640",85.44,0.0,0.5772972972972973,1.528443649373882,13,2020-04-03,66.9,39.0,53.2
93,93,"1,297.5601",67.2,0.0,0.4540540540540541,1.2021466905187836,13,2020-04-04,70.8,42.8,58.1
94,94,"1,244.3280",78.72,0.0,0.5318918918918919,1.4082289803220036,13,2020-04-05,69.2,50.8,59.1
95,95,"1,295.6160",72.0,0.0,0.4864864864864865,1.2880143112701252,13,2020-04-06,70.5,49.0,58.7
96,96,"1,332.9360",99.84,0.0,0.6745945945945946,1.7860465116279072,13,2020-04-07,76.1,55.1,66.2
97,97,"1,459.9680",97.824,0.0,0.660972972972973,1.7499821109123435,13,2020-04-08,78.7,59.7,70.3
98,98,"1,304.0400",72.0,0.0,0.4864864864864865,1.2880143112701252,14,2020-04-09,57.6,42.1,52.5
99,99,"1,328.7841",73.92,0.0,0.49945945945945946,1.322361359570662,14,2020-04-10,50.5,33.0,41.3
100,100,"1,346.6160",66.24,0.0,0.44756756756756755,1.1849731663685152,14,2020-04-11,60.8,33.7,48.2
101,101,"1,229.0880",67.2,0.0,0.4540540540540541,1.2021466905187836,14,2020-04-12,61.0,53.1,56.5
102,102,"1,245.2880",68.064,0.0,0.45989189189189184,1.217602862254025,14,2020-04-13,62.8,39.4,49.2
103,103,"1,283.7360",90.24,0.0,0.6097297297297297,1.6143112701252236,14,2020-04-14,42.9,33.6,39.1
104,104,"1,413.9600",83.424,0.0,0.5636756756756757,1.4923792486583185,14,2020-04-15,53.6,26.3,40.6
105,105,"1,393.2000",95.04,0.0,0.6421621621621622,1.7001788908765654,15,2020-04-16,51.2,26.0,40.0
106,106,"1,288.9680",71.04,0.0,0.48000000000000004,1.270840787119857,15,2020-04-17,60.4,40.0,49.8
107,107,"1,343.4240",68.064,0.0,0.45989189189189184,1.217602862254025,15,2020-04-18,52.3,35.8,43.5
108,108,"1,225.7040",78.72,0.0,0.5318918918918919,1.4082289803220036,15,2020-04-19,57.8,37.4,48.3
109,109,"1,264.0800",68.064,0.0,0.45989189189189184,1.217602862254025,15,2020-04-20,64.8,41.8,54.2
110,110,"1,231.9921",84.48,0.0,0.5708108108108109,1.5112701252236138,15,2020-04-21,61.0,43.2,54.7
111,111,"1,224.6000",62.4,0.0,0.4216216216216216,1.1162790697674418,15,2020-04-22,67.6,35.2,52.4
112,112,"1,206.2640",67.2,0.0,0.4540540540540541,1.2021466905187836,16,2020-04-23,57.1,51.7,54.5
113,113,"1,248.7440",78.72,0.0,0.5318918918918919,1.4082289803220036,16,2020-04-24,62.7,49.5,56.2
114,114,"1,222.8480",72.0,0.0,0.4864864864864865,1.2880143112701252,16,2020-04-25,64.6,46.5,55.3
115,115,"1,279.1520",98.88,0.0,0.6681081081081081,1.7688729874776385,16,2020-04-26,54.1,42.7,48.9
116,116,"1,319.9761",65.28,0.0,0.4410810810810811,1.1677996422182468,16,2020-04-27,63.0,34.0,50.4
117,117,"1,325.7600",67.2,0.0,0.4540540540540541,1.2021466905187836,16,2020-04-28,71.4,51.7,61.5
118,118,"1,290.3120",63.36,0.0,0.4281081081081081,1.1334525939177102,16,2020-04-29,68.8,50.6,58.8
119,119,"1,300.5601",69.12,0.0,0.46702702702702703,1.2364937388193202,17,2020-04-30,51.1,46.9,48.3
120,120,"1,308.0961",64.32,0.0,0.43459459459459454,1.1506261180679784,17,2020-05-01,66.2,43.0,53.3
121,121,"1,280.8320",76.8,0.0,0.518918918918919,1.3738819320214668,17,2020-05-02,78.3,49.7,65.4
122,122,"1,385.8800",85.44,0.0,0.5772972972972973,1.528443649373882,17,2020-05-03,77.3,59.9,67.7
123,123,"1,122.4080",65.28,0.0,0.4410810810810811,1.1677996422182468,17,2020-05-04,72.6,46.4,61.4
124,124,"1,110.3600",57.6,0.0,0.3891891891891892,1.0304114490161003,17,2020-05-05,57.3,46.4,51.0
125,125,"1,173.4561",62.4,0.0,0.4216216216216216,1.1162790697674418,17,2020-05-06,57.9,42.0,48.4
126,126,"1,201.5120",63.36,0.0,0.4281081081081081,1.1334525939177102,18,2020-05-07,65.4,37.2,52.5
127,127,"1,100.3040",60.48,0.0,0.40864864864864864,1.0819320214669053,18,2020-05-08,51.7,38.9,48.6
128,128,"1,149.7920",68.064,0.0,0.45989189189189184,1.217602862254025,18,2020-05-09,54.8,29.0,42.6
129,129,"1,130.8320",63.36,0.0,0.4281081081081081,1.1334525939177102,18,2020-05-10,64.2,38.8,51.1
130,130,"1,205.6400",64.32,0.0,0.43459459459459454,1.1506261180679784,18,2020-05-11,50.2,36.0,44.7
131,131,"1,168.1281",71.04,0.0,0.48000000000000004,1.270840787119857,18,2020-05-12,60.1,36.2,49.4
132,132,"1,146.9840",66.24,0.0,0.44756756756756755,1.1849731663685152,18,2020-05-13,53.8,48.6,50.9
133,133,"1,128.1200",70.08,0.0,0.4735135135135135,1.2536672629695886,19,2020-05-14,78.5,53.8,66.7
134,134,"1,088.2800",57.6,0.0,0.3891891891891892,1.0304114490161003,19,2020-05-15,77.1,64.2,69.7
135,135,"1,392.0720",113.28,0.0,0.7654054054054054,2.0264758497316637,19,2020-05-16,79.3,63.4,70.0
136,136,"1,509.4800",84.48,0.0,0.5708108108108109,1.5112701252236138,19,2020-05-17,80.9,64.6,72.4
137,137,"1,400.3280",73.92,0.0,0.49945945945945946,1.322361359570662,19,2020-05-18,72.2,59.6,66.8
138,138,"1,322.5680",77.76,0.0,0.5254054054054055,1.3910554561717354,19,2020-05-19,64.1,57.6,60.1
139,139,"1,251.8640",64.32,0.0,0.43459459459459454,1.1506261180679784,19,2020-05-20,60.4,54.0,56.9
140,140,"1,273.5601",71.04,0.0,0.48000000000000004,1.270840787119857,20,2020-05-21,67.7,53.6,59.8
141,141,"1,360.3920",88.32,0.0,0.5967567567567567,1.5799642218246868,20,2020-05-22,76.0,55.7,66.7
142,142,"1,525.1040",82.464,0.0,0.5571891891891891,1.47520572450805,20,2020-05-23,79.9,64.6,70.3
143,143,"1,621.0800",96.0,0.0,0.6486486486486487,1.7173524150268338,20,2020-05-24,82.6,63.5,73.5
144,144,"1,614.1680",99.84,0.0,0.6745945945945946,1.7860465116279072,20,2020-05-25,83.1,65.0,73.9
145,145,"1,672.0320",100.8,0.0,0.681081081081081,1.8032200357781754,20,2020-05-26,83.7,65.6,73.8
146,146,"1,580.8320",77.76,0.0,0.5254054054054055,1.3910554561717354,20,2020-05-27,78.2,68.1,73.0
147,147,"1,636.2000",91.2,0.0,0.6162162162162163,1.631484794275492,21,2020-05-28,81.0,66.2,72.6
148,148,"1,568.2321",101.76,0.0,0.6875675675675677,1.8203935599284438,21,2020-05-29,78.8,62.9,68.4
149,149,"1,549.4401",89.28,0.0,0.6032432432432433,1.5971377459749554,21,2020-05-30,74.2,57.9,65.8
150,150,"1,411.5360",89.28,0.0,0.6032432432432433,1.5971377459749554,21,2020-05-31,71.7,53.7,62.5
151,152,"1,474.5840",92.16,0.0,0.6227027027027027,1.6486583184257602,21,2020-06-01,75.9,48.5,63.9
152,154,"1,682.1600",107.52,0.0,0.7264864864864865,1.9234347048300537,21,2020-06-02,85.8,59.3,73.7
153,156,"1,748.4960",112.32,0.0,0.7589189189189188,2.009302325581395,21,2020-06-03,85.9,65.4,75.8
154,158,"1,773.4320",93.12,0.0,0.6291891891891892,1.6658318425760288,22,2020-06-04,81.9,68.9,73.7
155,160,"1,783.0320",99.84,0.0,0.6745945945945946,1.7860465116279072,22,2020-06-05,85.3,67.7,74.9
156,162,"1,904.0400",123.84,0.0,0.8367567567567568,2.2153846153846155,22,2020-06-06,88.9,66.8,78.4
157,164,"1,912.6801",117.12,0.0,0.7913513513513514,2.0951699463327373,22,2020-06-07,82.8,64.6,74.4
158,166,"1,925.9520",110.4,0.0,0.745945945945946,1.9749552772808587,22,2020-06-08,86.1,61.6,74.5
159,168,"2,025.7920",116.16,0.0,0.7848648648648648,2.0779964221824687,22,2020-06-09,84.4,71.0,78.1
160,170,"2,093.0881",117.12,0.0,0.7913513513513514,2.0951699463327373,22,2020-06-10,89.6,69.3,78.7
161,172,"1,836.7920",113.28,0.0,0.7654054054054054,2.0264758497316637,23,2020-06-11,79.2,59.4,70.2
162,174,"1,831.8000",104.64,0.0,0.707027027027027,1.8719141323792488,23,2020-06-12,83.9,54.5,70.8
163,176,"1,795.2240",108.48,0.0,0.732972972972973,1.9406082289803221,23,2020-06-13,82.7,56.5,70.6
164,178,"1,703.3040",101.76,0.0,0.6875675675675677,1.8203935599284438,23,2020-06-14,71.9,57.5,64.7
165,180,"1,730.2560",103.68,0.0,0.7005405405405406,1.8547406082289806,23,2020-06-15,75.2,53.5,65.0
166,182,"1,653.1440",93.12,0.0,0.6291891891891892,1.6658318425760288,23,2020-06-16,78.3,56.8,67.6
167,184,"1,803.7440",108.48,0.0,0.732972972972973,1.9406082289803221,23,2020-06-17,78.9,57.5,69.3
168,186,"1,714.3920",104.64,0.0,0.707027027027027,1.8719141323792488,24,2020-06-18,80.0,60.3,69.0
169,188,"1,831.9440",98.88,0.0,0.6681081081081081,1.7688729874776385,24,2020-06-19,84.1,62.8,72.6
170,190,"1,881.3600",110.4,0.0,0.745945945945946,1.9749552772808587,24,2020-06-20,86.8,64.8,76.6
171,192,"1,877.1121",105.6,0.0,0.7135135135135134,1.889087656529517,24,2020-06-21,85.9,67.7,73.4
172,194,"1,894.5601",114.24,0.0,0.7718918918918919,2.043649373881932,24,2020-06-22,84.7,67.2,75.2
173,196,"1,910.1360",102.72,0.0,0.6940540540540541,1.837567084078712,24,2020-06-23,79.4,65.5,73.1
174,198,"1,821.6720",97.824,0.0,0.660972972972973,1.7499821109123435,24,2020-06-24,80.3,62.1,70.6
175,200,"1,883.0160",105.6,0.0,0.7135135135135134,1.889087656529517,25,2020-06-25,82.2,58.3,72.1
176,202,"1,926.0240",103.68,0.0,0.7005405405405406,1.8547406082289806,25,2020-06-26,85.8,63.5,75.5
177,204,"1,853.0880",103.68,0.0,0.7005405405405406,1.8547406082289806,25,2020-06-27,76.4,67.6,72.6
178,206,"1,729.0081",94.08,0.0,0.6356756756756756,1.683005366726297,25,2020-06-28,76.9,67.6,71.9
179,208,"1,867.7520",103.68,0.0,0.7005405405405406,1.8547406082289806,25,2020-06-29,83.9,69.2,75.3
180,210,"1,871.6400",107.52,0.0,0.7264864864864865,1.9234347048300537,25,2020-06-30,82.8,67.6,74.6
181,212,"1,938.8400",106.56,0.0,0.72,1.9062611806797853,25,2020-07-01,83.5,70.7,76.8
182,214,"2,023.6080",141.12,0.0,0.9535135135135135,2.5245080500894455,26,2020-07-02,87.4,69.1,78.6
183,216,"1,964.9280",111.36,0.0,0.7524324324324324,1.9921288014311271,26,2020-07-03,88.9,65.0,78.0
184,218,"2,033.3280",121.92,0.0,0.8237837837837838,2.1810375670840787,26,2020-07-04,90.7,66.9,79.9
185,220,"2,113.1279",120.0,0.0,0.8108108108108109,2.146690518783542,26,2020-07-05,91.3,67.9,79.8
186,222,"2,114.2319",112.32,0.0,0.7589189189189188,2.009302325581395,26,2020-07-06,90.2,70.3,79.3
187,224,"2,094.0720",122.88,0.0,0.8302702702702702,2.198211091234347,26,2020-07-07,89.4,68.8,79.5
188,226,"2,136.0959",118.08,0.0,0.7978378378378378,2.1123434704830055,26,2020-07-08,89.2,68.2,78.8
189,228,"2,100.8640",110.4,0.0,0.745945945945946,1.9749552772808587,27,2020-07-09,86.8,69.9,78.3
190,230,"2,174.8320",117.12,0.0,0.7913513513513514,2.0951699463327373,27,2020-07-10,88.8,72.0,79.2
191,232,"2,038.6560",115.2,0.0,0.7783783783783784,2.0608228980322005,27,2020-07-11,86.3,66.7,75.6
192,234,"1,922.2321",120.96,1.0,0.8172972972972973,2.1638640429338105,27,2020-07-12,82.8,64.8,73.3
193,236,"1,981.8719",125.76,1.0,0.8497297297297297,2.2497316636851523,27,2020-07-13,84.0,61.2,73.1
194,238,"2,029.5120",115.2,1.0,0.7783783783783784,2.0608228980322005,27,2020-07-14,85.9,59.6,74.3
195,240,"2,078.9041",116.16,1.0,0.7848648648648648,2.0779964221824687,27,2020-07-15,90.1,63.7,78.5
196,242,"2,096.7839",112.32,1.0,0.7589189189189188,2.009302325581395,28,2020-07-16,84.8,75.7,79.4
197,244,"2,007.0240",101.76,1.0,0.6875675675675677,1.8203935599284438,28,2020-07-17,81.7,70.5,75.6
198,246,"2,056.8721",114.24,1.0,0.7718918918918919,2.043649373881932,28,2020-07-18,90.3,69.7,80.2
199,248,"2,184.9841",124.8,1.0,0.8432432432432432,2.2325581395348837,28,2020-07-19,91.7,73.6,82.7
200,250,"2,194.4399",118.08,1.0,0.7978378378378378,2.1123434704830055,28,2020-07-20,88.7,73.5,79.4
201,252,"2,180.7119",120.0,1.0,0.8108108108108109,2.146690518783542,28,2020-07-21,91.4,69.7,80.8
202,254,"2,155.2959",117.12,1.0,0.7913513513513514,2.0951699463327373,28,2020-07-22,88.0,71.3,78.7
203,256,"2,084.9041",107.52,1.0,0.7264864864864865,1.9234347048300537,29,2020-07-23,82.9,72.0,76.3
204,258,"2,114.6880",117.12,1.0,0.7913513513513514,2.0951699463327373,29,2020-07-24,89.9,67.8,78.8
205,260,"2,065.4880",108.48,1.0,0.732972972972973,1.9406082289803221,29,2020-07-25,91.6,67.5,79.6
206,262,"2,112.1201",115.2,1.0,0.7783783783783784,2.0608228980322005,29,2020-07-26,88.6,70.2,79.0
207,264,"2,203.0801",141.12,1.0,0.9535135135135135,2.5245080500894455,29,2020-07-27,91.5,70.0,79.2
208,266,"2,193.2161",130.56,1.0,0.8821621621621621,2.3355992844364937,29,2020-07-28,87.6,71.9,78.7
209,268,"2,174.4241",126.72,1.0,0.8562162162162162,2.2669051878354205,29,2020-07-29,89.9,71.1,80.5
210,270,"2,038.3201",102.72,1.0,0.6940540540540541,1.837567084078712,30,2020-07-30,81.0,71.6,75.8
211,272,"1,973.9280",103.68,1.0,0.7005405405405406,1.8547406082289806,30,2020-07-31,80.3,68.7,73.4
212,274,"1,949.8800",124.8,1.0,0.8432432432432432,2.2325581395348837,30,2020-08-01,83.2,69.9,75.2
213,276,"1,915.2720",117.12,1.0,0.7913513513513514,2.0951699463327373,30,2020-08-02,79.0,65.6,71.6
214,278,"1,887.1440",101.76,1.0,0.6875675675675677,1.8203935599284438,30,2020-08-03,83.2,63.6,72.6
215,280,"1,746.6481",99.84,1.0,0.6745945945945946,1.7860465116279072,30,2020-08-04,77.2,62.6,68.7
216,282,"1,763.3280",101.76,1.0,0.6875675675675677,1.8203935599284438,30,2020-08-05,78.3,57.8,68.9
217,284,"1,862.2080",126.72,1.0,0.8562162162162162,2.2669051878354205,31,2020-08-06,81.4,61.5,71.1
218,286,"1,903.5360",112.32,1.0,0.7589189189189188,2.009302325581395,31,2020-08-07,83.3,62.6,72.3
219,288,"1,768.6560",97.824,1.0,0.660972972972973,1.7499821109123435,31,2020-08-08,84.4,59.0,72.7
220,290,"1,790.8560",99.84,1.0,0.6745945945945946,1.7860465116279072,31,2020-08-09,88.6,60.4,75.2
221,292,"1,705.2960",85.44,1.0,0.5772972972972973,1.528443649373882,31,2020-08-10,80.5,69.8,73.8
222,294,"1,713.5520",95.04,1.0,0.6421621621621622,1.7001788908765654,31,2020-08-11,84.1,67.1,75.1
223,296,"1,757.7600",95.04,1.0,0.6421621621621622,1.7001788908765654,31,2020-08-12,86.0,68.5,77.7
224,298,"1,806.6479",98.88,1.0,0.6681081081081081,1.7688729874776385,32,2020-08-13,87.5,70.5,79.1
225,300,"1,768.5601",94.08,1.0,0.6356756756756756,1.683005366726297,32,2020-08-14,81.7,72.1,75.3
226,302,"1,719.1200",96.0,1.0,0.6486486486486487,1.7173524150268338,32,2020-08-15,85.2,70.1,76.0
227,304,"1,697.1600",95.04,1.0,0.6421621621621622,1.7001788908765654,32,2020-08-16,85.4,65.9,75.0
228,306,"1,719.4561",99.84,1.0,0.6745945945945946,1.7860465116279072,32,2020-08-17,83.9,61.4,73.3
229,308,"1,661.5680",93.12,1.0,0.6291891891891892,1.6658318425760288,32,2020-08-18,82.7,65.3,69.8
230,310,"1,633.2240",88.32,1.0,0.5967567567567567,1.5799642218246868,32,2020-08-19,77.7,61.7,69.6
231,312,"1,626.4800",92.16,1.0,0.6227027027027027,1.6486583184257602,33,2020-08-20,81.5,56.6,70.0
232,314,"1,654.1760",90.24,1.0,0.6097297297297297,1.6143112701252236,33,2020-08-21,78.8,64.9,71.3
233,316,"1,630.2000",94.08,1.0,0.6356756756756756,1.683005366726297,33,2020-08-22,81.1,68.5,72.6
234,318,"1,841.4720",109.44,1.0,0.7394594594594595,1.9577817531305903,33,2020-08-23,81.1,65.1,73.2
235,320,"2,048.7600",112.32,1.0,0.7589189189189188,2.009302325581395,33,2020-08-24,86.7,66.4,76.4
236,322,"2,210.8081",119.04,1.0,0.8043243243243243,2.1295169946332737,33,2020-08-25,88.7,66.9,77.7
237,324,"2,228.1121",127.68,1.0,0.8627027027027028,2.284078711985689,33,2020-08-26,87.9,68.7,78.3
238,326,"2,160.7920",131.52,1.0,0.8886486486486487,2.3527728085867623,34,2020-08-27,85.1,72.5,78.0
239,328,"2,139.4561",120.96,1.0,0.8172972972972973,2.1638640429338105,34,2020-08-28,87.1,71.9,78.3
240,330,"2,215.5359",132.48,0.0,0.8951351351351351,2.3699463327370305,34,2020-08-29,82.4,70.8,74.4
241,332,"2,140.6799",136.224,0.0,0.9204324324324323,2.436923076923077,34,2020-08-30,78.6,62.9,71.8
242,334,"2,113.2961",135.264,0.0,0.913945945945946,2.419749552772809,34,2020-08-31,80.4,65.7,71.8
243,336,"2,167.0320",126.72,0.0,0.8562162162162162,2.2669051878354205,34,2020-09-01,83.2,69.4,75.2
244,338,"2,284.4641",137.184,0.0,0.9269189189189189,2.454096601073345,34,2020-09-02,83.1,72.2,76.8
245,340,"2,180.4480",127.68,0.0,0.8627027027027028,2.284078711985689,35,2020-09-03,82.6,71.7,76.0
246,342,"2,066.3040",114.24,0.0,0.7718918918918919,2.043649373881932,35,2020-09-04,79.4,64.0,72.9
247,344,"2,094.5281",139.2,0.0,0.9405405405405405,2.4901610017889086,35,2020-09-05,79.0,53.7,66.3
248,346,"2,052.4561",124.8,0.0,0.8432432432432432,2.2325581395348837,35,2020-09-06,81.4,56.6,68.9
249,348,"1,714.9440",104.64,0.0,0.707027027027027,1.8719141323792488,35,2020-09-07,83.4,62.8,72.9
250,350,"2,330.4719",143.04,0.0,0.9664864864864864,2.558855098389982,35,2020-09-08,85.2,63.9,74.0
251,352,"2,218.7041",130.56,0.0,0.8821621621621621,2.3355992844364937,35,2020-09-09,85.3,62.8,73.9
252,354,"2,208.3601",151.68,0.0,1.0248648648648648,2.7134168157423972,36,2020-09-10,86.2,64.5,75.3
253,356,"2,145.1919",120.0,0.0,0.8108108108108109,2.146690518783542,36,2020-09-11,74.5,67.9,71.7
254,358,"2,165.1121",133.44,0.0,0.9016216216216216,2.3871198568872987,36,2020-09-12,81.3,64.4,71.9
255,360,"2,128.4160",128.64,0.0,0.8691891891891891,2.301252236135957,36,2020-09-13,77.5,69.0,73.1
256,362,"2,066.7361",133.44,0.0,0.9016216216216216,2.3871198568872987,36,2020-09-14,78.6,62.6,69.4
257,364,"1,962.8160",123.84,0.0,0.8367567567567568,2.2153846153846155,36,2020-09-15,72.6,54.8,63.3
258,366,"1,900.7520",116.16,0.0,0.7848648648648648,2.0779964221824687,36,2020-09-16,77.4,54.6,65.8
259,368,"1,924.4160",110.4,0.0,0.745945945945946,1.9749552772808587,37,2020-09-17,77.5,61.0,67.7
260,370,"1,780.2480",106.56,0.0,0.72,1.9062611806797853,37,2020-09-18,68.9,54.7,61.4
261,372,"1,752.2880",131.52,0.0,0.8886486486486487,2.3527728085867623,37,2020-09-19,68.0,44.4,56.1
262,374,"1,841.0160",133.44,0.5,0.9016216216216216,2.3871198568872987,37,2020-09-20,71.2,45.2,58.3
263,376,"1,809.8160",120.0,0.5,0.8108108108108109,2.146690518783542,37,2020-09-21,72.7,47.7,59.4
264,378,"1,822.8960",138.24,0.5,0.9340540540540541,2.4729874776386405,37,2020-09-22,71.5,45.3,58.9
265,380,"1,804.6080",119.04,0.5,0.8043243243243243,2.1295169946332737,37,2020-09-23,70.4,50.8,61.2
266,382,"1,780.6320",116.16,0.5,0.7848648648648648,2.0779964221824687,38,2020-09-24,72.4,58.0,64.2
267,384,"1,835.8560",112.32,0.5,0.7589189189189188,2.009302325581395,38,2020-09-25,76.1,57.0,66.4
268,386,"1,883.3760",120.0,0.5,0.8108108108108109,2.146690518783542,38,2020-09-26,76.5,59.9,67.2
269,388,"1,967.6400",125.76,0.5,0.8497297297297297,2.2497316636851523,38,2020-09-27,78.0,59.1,67.6
270,390,"1,935.5040",130.56,0.5,0.8821621621621621,2.3355992844364937,38,2020-09-28,74.0,55.8,63.2
271,392,"1,687.8480",123.84,0.5,0.8367567567567568,2.2153846153846155,38,2020-09-29,60.2,49.1,53.3
272,394,"1,654.3680",118.08,0.5,0.7978378378378378,2.1123434704830055,38,2020-09-30,73.2,44.8,58.7
273,396,"1,719.6720",138.24,0.5,0.9340540540540541,2.4729874776386405,39,2020-10-01,66.6,47.4,58.2
274,398,"1,613.9280",106.56,0.5,0.72,1.9062611806797853,39,2020-10-02,61.2,39.0,50.7
275,400,"1,673.2800",129.6,0.5,0.8756756756756756,2.3184257602862255,39,2020-10-03,65.2,40.4,52.8
276,402,"1,670.7360",120.0,1.0,0.8108108108108109,2.146690518783542,39,2020-10-04,66.4,47.0,55.9
277,404,"1,664.1360",115.2,1.0,0.7783783783783784,2.0608228980322005,39,2020-10-05,62.7,34.4,48.8
278,406,"1,661.7841",100.8,1.0,0.681081081081081,1.8032200357781754,39,2020-10-06,71.2,37.9,54.3
279,408,"1,780.8960",141.12,1.0,0.9535135135135135,2.5245080500894455,39,2020-10-07,80.8,51.2,64.3
280,410,"1,834.3920",114.24,1.0,0.7718918918918919,2.043649373881932,40,2020-10-08,77.7,53.1,64.6
281,412,"1,853.5680",125.76,1.0,0.8497297297297297,2.2497316636851523,40,2020-10-09,78.3,53.4,65.2
282,414,"1,865.4720",121.92,1.0,0.8237837837837838,2.1810375670840787,40,2020-10-10,69.4,63.7,66.1
283,416,"1,940.2560",130.56,1.0,0.8821621621621621,2.3355992844364937,40,2020-10-11,69.5,63.3,65.9
284,418,"1,991.1600",151.68,1.0,1.0248648648648648,2.7134168157423972,40,2020-10-12,75.7,56.5,67.1
285,420,"1,799.5680",118.08,1.0,0.7978378378378378,2.1123434704830055,40,2020-10-13,67.0,41.7,55.1
286,422,"1,746.9600",102.72,1.0,0.6940540540540541,1.837567084078712,40,2020-10-14,76.4,44.6,59.7
287,424,"1,695.2400",105.6,1.0,0.7135135135135134,1.889087656529517,41,2020-10-15,66.9,50.8,60.2
288,426,"1,646.3280",107.52,1.0,0.7264864864864865,1.9234347048300537,41,2020-10-16,56.7,38.0,47.7
289,428,"1,716.8881",138.24,1.0,0.9340540540540541,2.4729874776386405,41,2020-10-17,61.3,33.8,47.0
290,430,"1,673.4720",129.6,1.0,0.8756756756756756,2.3184257602862255,41,2020-10-18,58.6,45.4,52.0
291,432,"1,704.7440",120.0,1.0,0.8108108108108109,2.146690518783542,41,2020-10-19,62.8,54.4,58.6
292,434,"1,771.3680",114.24,1.0,0.7718918918918919,2.043649373881932,41,2020-10-20,69.4,61.7,64.4
293,436,"1,812.0000",132.48,1.0,0.8951351351351351,2.3699463327370305,41,2020-10-21,78.0,59.1,66.7
294,438,"1,906.4401",144.96,1.0,0.9794594594594596,2.593202146690519,42,2020-10-22,79.4,57.8,67.8
295,440,"1,858.3920",120.96,1.0,0.8172972972972973,2.1638640429338105,42,2020-10-23,79.4,60.6,67.0
296,442,"1,661.5920",100.8,1.0,0.681081081081081,1.8032200357781754,42,2020-10-24,60.9,46.0,48.9
297,444,"1,671.4320",114.24,1.0,0.7718918918918919,2.043649373881932,42,2020-10-25,50.4,46.5,48.3
298,446,"1,633.9921",136.224,1.0,0.9204324324324323,2.436923076923077,42,2020-10-26,53.6,48.5,51.3
299,448,"1,721.0640",132.48,1.0,0.8951351351351351,2.3699463327370305,42,2020-10-27,59.8,47.4,52.1
300,450,"1,678.7280",105.6,1.0,0.7135135135135134,1.889087656529517,42,2020-10-28,62.7,51.3,55.6
301,452,"1,755.7920",121.92,1.0,0.8237837837837838,2.1810375670840787,43,2020-10-29,59.1,46.3,53.9
302,454,"1,800.6479",106.56,1.0,0.72,1.9062611806797853,43,2020-10-30,49.0,37.2,44.2
303,456,"1,812.1440",124.8,1.0,0.8432432432432432,2.2325581395348837,43,2020-10-31,58.1,33.6,44.6
304,458,"1,764.2880",116.16,1.0,0.7848648648648648,2.0779964221824687,43,2020-11-01,55.1,36.0,49.5
305,460,"1,983.1200",122.88,1.0,0.8302702702702702,2.198211091234347,43,2020-11-02,48.5,27.2,36.7
306,462,"1,840.6080",121.92,1.0,0.8237837837837838,2.1810375670840787,43,2020-11-03,62.4,34.5,46.1
307,464,"1,696.2000",106.56,1.0,0.72,1.9062611806797853,43,2020-11-04,68.4,41.9,53.6
308,466,"1,787.2800",133.44,1.0,0.9016216216216216,2.3871198568872987,44,2020-11-05,65.2,46.0,54.6
309,468,"1,724.7120",106.56,1.0,0.72,1.9062611806797853,44,2020-11-06,69.0,39.8,53.0
310,470,"1,802.2800",120.96,1.0,0.8172972972972973,2.1638640429338105,44,2020-11-07,72.6,40.1,55.2
311,472,"1,903.8000",139.2,1.0,0.9405405405405405,2.4901610017889086,44,2020-11-08,77.7,50.1,61.7
312,474,"1,960.1281",133.44,1.0,0.9016216216216216,2.3871198568872987,44,2020-11-09,78.1,53.0,64.3
313,476,"1,945.5601",130.56,1.0,0.8821621621621621,2.3355992844364937,44,2020-11-10,77.9,58.1,66.9
314,478,"1,828.9200",122.88,1.0,0.8302702702702702,2.198211091234347,44,2020-11-11,67.7,47.5,58.6
315,480,"1,735.7280",136.224,1.0,0.9204324324324323,2.436923076923077,45,2020-11-12,54.4,34.5,43.4
316,482,"1,718.2560",111.36,1.0,0.7524324324324324,1.9921288014311271,45,2020-11-13,58.6,36.8,45.9
317,484,"1,769.0880",119.04,1.0,0.8043243243243243,2.1295169946332737,45,2020-11-14,57.3,32.6,45.4
318,486,"1,724.1600",121.92,1.0,0.8237837837837838,2.1810375670840787,45,2020-11-15,61.6,42.9,55.2
319,488,"1,843.2960",137.184,1.0,0.9269189189189189,2.454096601073345,45,2020-11-16,54.1,33.6,43.7
320,490,"1,851.0000",125.76,1.0,0.8497297297297297,2.2497316636851523,45,2020-11-17,45.3,32.1,41.7
321,492,"1,924.0800",114.24,1.0,0.7718918918918919,2.043649373881932,45,2020-11-18,48.0,25.6,36.3
322,494,"1,769.3280",118.08,1.0,0.7978378378378378,2.1123434704830055,46,2020-11-19,64.6,37.7,49.7
323,496,"1,725.4561",108.48,1.0,0.732972972972973,1.9406082289803221,46,2020-11-20,63.9,45.2,54.6
324,498,"1,711.9680",112.32,1.0,0.7589189189189188,2.009302325581395,46,2020-11-21,57.5,49.2,54.0
325,500,"1,759.2001",113.28,1.0,0.7654054054054054,2.0264758497316637,46,2020-11-22,56.1,39.6,50.3
326,502,"1,959.1200",121.92,1.0,0.8237837837837838,2.1810375670840787,46,2020-11-23,46.5,33.5,39.4
327,504,"1,845.2640",115.2,1.0,0.7783783783783784,2.0608228980322005,46,2020-11-24,52.8,35.8,44.4
328,506,"1,371.0961",74.88,1.0,0.5059459459459459,1.3395348837209302,46,2020-11-25,59.6,48.0,53.8
329,508,"1,420.2720",82.464,1.0,0.5571891891891891,1.47520572450805,47,2020-11-26,54.9,48.2,50.3
330,510,"1,370.5920",68.064,1.0,0.45989189189189184,1.217602862254025,47,2020-11-27,56.5,46.1,49.6
331,512,"1,469.6880",69.12,1.0,0.46702702702702703,1.2364937388193202,47,2020-11-28,49.0,33.6,40.9
332,514,"1,498.0560",77.76,1.0,0.5254054054054055,1.3910554561717354,47,2020-11-29,54.3,28.8,41.5
333,516,"1,698.1200",91.2,1.0,0.6162162162162163,1.631484794275492,47,2020-11-30,46.6,29.6,35.8
334,518,"1,885.5120",92.16,1.0,0.6227027027027027,1.6486583184257602,47,2020-12-01,31.1,24.2,28.6
335,520,"1,879.4160",96.0,1.0,0.6486486486486487,1.7173524150268338,47,2020-12-02,40.4,19.3,28.9
336,522,"1,726.0800",94.08,1.0,0.6356756756756756,1.683005366726297,48,2020-12-03,42.0,23.5,32.8
337,524,"1,612.1281",93.12,1.0,0.6291891891891892,1.6658318425760288,48,2020-12-04,43.7,40.4,42.2
338,526,"1,704.1200",90.24,1.0,0.6097297297297297,1.6143112701252236,48,2020-12-05,45.2,30.2,37.0
339,528,"1,767.1680",109.44,1.0,0.7394594594594595,1.9577817531305903,48,2020-12-06,44.5,24.7,34.8
340,530,"1,863.4561",92.16,1.0,0.6227027027027027,1.6486583184257602,48,2020-12-07,35.2,31.0,33.0
341,532,"1,912.3680",97.824,1.0,0.660972972972973,1.7499821109123435,48,2020-12-08,33.4,23.6,29.4
342,534,"1,627.2480",88.32,1.0,0.5967567567567567,1.5799642218246868,48,2020-12-09,55.1,28.6,40.7
343,536,"1,525.8000",77.76,1.0,0.5254054054054055,1.3910554561717354,49,2020-12-10,60.4,30.9,44.1
344,538,"1,395.0959",70.08,1.0,0.4735135135135135,1.2536672629695886,49,2020-12-11,64.5,42.1,51.8
345,540,"1,342.8000",70.08,1.0,0.4735135135135135,1.2536672629695886,49,2020-12-12,61.4,42.8,54.7
346,542,"1,530.3361",73.92,1.0,0.49945945945945946,1.322361359570662,49,2020-12-13,44.3,34.8,40.1
347,544,"1,727.3760",117.12,1.0,0.7913513513513514,2.0951699463327373,49,2020-12-14,40.2,29.0,35.6
348,546,"1,802.3041",101.76,1.0,0.6875675675675677,1.8203935599284438,49,2020-12-15,37.5,21.5,29.4
349,548,"1,665.8640",83.424,1.0,0.5636756756756757,1.4923792486583185,49,2020-12-16,39.2,32.3,34.9
350,550,"1,795.5360",87.36,1.0,0.5902702702702702,1.5627906976744186,50,2020-12-17,32.6,30.5,31.3
351,552,"1,765.0800",84.48,1.0,0.5708108108108109,1.5112701252236138,50,2020-12-18,37.8,23.6,31.0
352,554,"1,669.0081",87.36,1.0,0.5902702702702702,1.5627906976744186,50,2020-12-19,45.4,29.2,36.7
353,556,"1,616.6880",84.48,1.0,0.5708108108108109,1.5112701252236138,50,2020-12-20,43.9,33.3,39.3
354,558,"1,585.0560",76.8,1.0,0.518918918918919,1.3738819320214668,50,2020-12-21,48.1,32.0,39.8
355,560,"1,606.6080",82.464,1.0,0.5571891891891891,1.47520572450805,50,2020-12-22,44.7,33.2,39.5
356,562,"1,538.7841",79.68,1.0,0.5383783783783784,1.425402504472272,50,2020-12-23,58.2,30.8,44.7
357,564,"1,674.0961",92.16,1.0,0.6227027027027027,1.6486583184257602,51,2020-12-24,50.2,20.4,34.4
358,566,"1,662.7440",83.424,1.0,0.5636756756756757,1.4923792486583185,51,2020-12-25,19.8,12.7,15.8
359,568,"1,598.7120",84.48,1.0,0.5708108108108109,1.5112701252236138,51,2020-12-26,37.2,10.3,22.5
360,570,"1,376.5439",69.12,1.0,0.46702702702702703,1.2364937388193202,51,2020-12-27,54.6,28.0,40.1
361,572,"1,304.7600",71.04,1.0,0.48000000000000004,1.270840787119857,51,2020-12-28,50.7,29.2,42.3
362,574,"1,375.1040",68.064,1.0,0.45989189189189184,1.217602862254025,51,2020-12-29,37.8,24.5,31.6
363,576,"1,268.4480",72.96,1.0,0.49297297297297293,1.3051878354203934,51,2020-12-30,59.4,32.3,47.2
364,578,"1,325.6641",68.064,1.0,0.45989189189189184,1.217602862254025,52,2020-12-31,40.2,33.1,34.7
365,580,"1,248.7920",72.0,1.0,0.4864864864864865,1.2880143112701252,52,2021-01-01,60.4,34.4,47.3
366,582,"1,253.6400",66.24,1.0,0.44756756756756755,1.1849731663685152,52,2021-01-02,43.9,39.5,41.5
367,584,"1,297.3201",63.36,1.0,0.4281081081081081,1.1334525939177102,52,2021-01-03,39.4,32.5,37.0
368,586,"1,367.4720",89.28,1.0,0.6032432432432433,1.5971377459749554,52,2021-01-04,43.9,29.0,37.3
369,588,"1,387.5601",71.04,1.0,0.48000000000000004,1.270840787119857,52,2021-01-05,39.4,32.7,35.1
370,590,"1,451.7120",80.64,1.0,0.5448648648648649,1.4425760286225402,52,2021-01-06,36.1,32.7,34.5
371,592,"1,480.7520",96.96,1.0,0.6551351351351351,1.734525939177102,53,2021-01-07,37.5,32.8,35.0
372,594,"1,537.8000",77.76,1.0,0.5254054054054055,1.3910554561717354,53,2021-01-08,33.2,29.8,31.6
373,596,"1,715.3521",113.28,1.0,0.7654054054054054,2.0264758497316637,53,2021-01-09,30.8,24.3,29.1
374,598,"1,746.7440",116.16,1.0,0.7848648648648648,2.0779964221824687,53,2021-01-10,34.4,20.8,27.8
375,600,"1,722.7920",88.32,1.0,0.5967567567567567,1.5799642218246868,53,2021-01-11,30.9,22.6,26.4
376,602,"1,829.1360",127.68,1.0,0.8627027027027028,2.284078711985689,53,2021-01-12,31.5,22.7,27.1
377,604,"1,672.9200",100.8,1.0,0.681081081081081,1.8032200357781754,53,2021-01-13,41.7,25.4,34.1
378,606,"1,555.9440",97.824,1.0,0.660972972972973,1.7499821109123435,54,2021-01-14,48.3,31.1,41.3
379,608,"1,586.3280",97.824,1.0,0.660972972972973,1.7499821109123435,54,2021-01-15,41.5,31.6,37.3
380,610,"1,692.9600",113.28,1.0,0.7654054054054054,2.0264758497316637,54,2021-01-16,33.2,30.6,32.1
381,612,"1,782.6000",107.52,1.0,0.7264864864864865,1.9234347048300537,54,2021-01-17,34.3,30.3,32.8
382,614,"1,841.5439",117.12,1.0,0.7913513513513514,2.0951699463327373,54,2021-01-18,34.1,29.4,31.8
383,616,"1,574.4480",78.72,1.0,0.5318918918918919,1.4082289803220036,54,2021-01-19,44.0,32.5,38.1
384,618,"1,676.4960",113.28,1.0,0.7654054054054054,2.0264758497316637,54,2021-01-20,35.2,30.3,33.2
385,620,"1,579.8240",100.8,1.0,0.681081081081081,1.8032200357781754,55,2021-01-21,43.2,33.8,38.5
386,622,"1,802.0400",97.824,1.0,0.660972972972973,1.7499821109123435,55,2021-01-22,37.8,23.6,32.4
387,624,"1,819.9440",127.68,1.0,0.8627027027027028,2.284078711985689,55,2021-01-23,31.5,19.2,26.7
388,626,"1,759.7280",104.64,1.0,0.707027027027027,1.8719141323792488,55,2021-01-24,39.6,30.1,35.3
389,628,"1,646.5680",108.48,1.0,0.732972972972973,1.9406082289803221,55,2021-01-25,45.6,35.7,39.1
390,630,"1,656.9120",141.12,1.0,0.9535135135135135,2.5245080500894455,55,2021-01-26,48.7,35.1,44.3
391,632,"2,145.6479",132.48,1.0,0.8951351351351351,2.3699463327370305,55,2021-01-27,35.4,25.1,32.1
392,634,"1,973.7841",129.6,1.0,0.8756756756756756,2.3184257602862255,56,2021-01-28,27.4,17.3,22.6
393,636,"1,948.0320",141.12,1.0,0.9535135135135135,2.5245080500894455,56,2021-01-29,30.9,14.3,23.7
394,638,"1,841.5920",111.36,1.0,0.7524324324324324,1.9921288014311271,56,2021-01-30,37.7,24.0,32.4
395,640,"1,663.0320",96.96,1.0,0.6551351351351351,1.734525939177102,56,2021-01-31,44.5,32.4,39.3
396,642,"1,956.2400",133.44,1.0,0.9016216216216216,2.3871198568872987,56,2021-02-01,31.7,26.8,29.1
397,644,"2,183.7600",136.224,1.0,0.9204324324324323,2.436923076923077,56,2021-02-02,31.7,23.5,28.1
398,646,"2,192.4480",122.88,1.0,0.8302702702702702,2.198211091234347,56,2021-02-03,36.2,25.3,29.8
399,648,"2,128.2480",121.92,1.0,0.8237837837837838,2.1810375670840787,57,2021-02-04,40.1,25.4,33.7
400,650,"2,183.4719",147.84,1.0,0.9989189189189189,2.644722719141324,57,2021-02-05,37.9,30.1,34.1
401,652,"2,133.8159",127.68,1.0,0.8627027027027028,2.284078711985689,57,2021-02-06,40.0,28.7,33.8
402,654,"2,219.9280",141.12,1.0,0.9535135135135135,2.5245080500894455,57,2021-02-07,29.1,18.9,25.1
403,656,"1,998.7920",136.224,1.0,0.9204324324324323,2.436923076923077,57,2021-02-08,37.1,17.3,29.8
404,658,"1,973.8560",146.88,1.0,0.9924324324324324,2.6275491949910554,57,2021-02-09,34.8,30.2,32.7
405,660,"1,979.2080",139.2,1.0,0.9405405405405405,2.4901610017889086,57,2021-02-10,31.2,26.3,29.1
406,662,"2,238.3601",140.16,1.0,0.947027027027027,2.5073345259391773,58,2021-02-11,26.0,23.4,24.6
407,664,"2,212.0559",147.84,1.0,0.9989189189189189,2.644722719141324,58,2021-02-12,28.2,22.6,25.7
408,666,"2,271.1919",146.88,1.0,0.9924324324324324,2.6275491949910554,58,2021-02-13,28.1,24.4,26.4
409,668,"2,360.0161",157.44,1.0,1.0637837837837838,2.816457960644007,58,2021-02-14,25.9,22.2,24.4
410,670,"2,396.7119",153.6,1.0,1.037837837837838,2.7477638640429336,58,2021-02-15,24.7,18.5,21.7
411,672,"2,451.0000",149.76,1.0,1.0118918918918918,2.6790697674418604,58,2021-02-16,18.1,6.9,12.7
412,674,"2,424.5520",144.96,1.0,0.9794594594594596,2.593202146690519,58,2021-02-17,23.3,7.0,17.7
413,676,"2,353.7520",151.68,1.0,1.0248648648648648,2.7134168157423972,59,2021-02-18,28.9,23.0,26.0
414,678,"2,268.2400",154.56,1.0,1.0443243243243243,2.7649373881932022,59,2021-02-19,24.7,13.1,20.9
415,680,"2,315.8560",150.72,1.0,1.0183783783783784,2.696243291592129,59,2021-02-20,28.9,8.0,20.0
416,682,"2,121.6240",142.08,1.0,0.9600000000000001,2.541681574239714,59,2021-02-21,43.5,17.6,33.2
417,684,"2,014.1520",137.184,1.0,0.9269189189189189,2.454096601073345,59,2021-02-22,42.7,35.2,39.2
418,686,"1,903.0079",116.16,1.0,0.7848648648648648,2.0779964221824687,59,2021-02-23,55.0,35.9,45.1
419,688,"1,707.2161",130.56,1.0,0.8821621621621621,2.3355992844364937,59,2021-02-24,62.6,40.0,51.2
420,690,"1,812.8881",119.04,1.0,0.8043243243243243,2.1295169946332737,60,2021-02-25,46.9,33.6,40.0
421,692,"1,902.3600",132.48,1.0,0.8951351351351351,2.3699463327370305,60,2021-02-26,45.9,34.6,39.4
422,694,"1,752.1440",104.64,1.0,0.707027027027027,1.8719141323792488,60,2021-02-27,54.6,46.4,51.4
423,696,"1,695.8160",132.48,1.0,0.8951351351351351,2.3699463327370305,60,2021-02-28,62.8,50.6,58.6
424,698,"1,805.0640",130.56,1.0,0.8821621621621621,2.3355992844364937,60,2021-03-01,47.5,30.4,40.2
425,700,"1,857.2880",120.96,1.0,0.8172972972972973,2.1638640429338105,60,2021-03-02,42.6,26.6,34.3
426,702,"1,829.8800",120.0,1.0,0.8108108108108109,2.146690518783542,60,2021-03-03,55.9,26.5,43.1
427,704,"1,827.8160",131.52,1.0,0.8886486486486487,2.3527728085867623,61,2021-03-04,53.1,30.3,42.8
428,706,"1,928.2080",139.2,1.0,0.9405405405405405,2.4901610017889086,61,2021-03-05,42.1,25.9,34.3
429,708,"1,869.2161",112.32,1.0,0.7589189189189188,2.009302325581395,61,2021-03-06,46.1,28.1,37.2
430,710,"1,842.5040",122.88,1.0,0.8302702702702702,2.198211091234347,61,2021-03-07,50.7,26.9,37.5
431,712,"1,769.1840",116.16,1.0,0.7848648648648648,2.0779964221824687,61,2021-03-08,62.3,27.0,44.5
432,714,"1,730.2080",127.68,1.0,0.8627027027027028,2.284078711985689,61,2021-03-09,67.5,35.7,51.8
433,716,"1,667.8320",137.184,1.0,0.9269189189189189,2.454096601073345,61,2021-03-10,70.0,45.5,57.5
434,718,"1,717.4401",136.224,1.0,0.9204324324324323,2.436923076923077,62,2021-03-11,67.0,55.0,60.9
435,720,"1,612.4640",111.36,1.0,0.7524324324324324,1.9921288014311271,62,2021-03-12,59.9,48.6,53.9
436,722,"1,549.9440",105.6,1.0,0.7135135135135134,1.889087656529517,62,2021-03-13,56.1,42.2,48.9
437,724,"1,534.4880",109.44,1.0,0.7394594594594595,1.9577817531305903,62,2021-03-14,50.9,34.9,43.8
438,726,"1,676.6400",120.0,1.0,0.8108108108108109,2.146690518783542,62,2021-03-15,47.1,38.2,41.4
439,728,"1,721.4720",126.72,1.0,0.8562162162162162,2.2669051878354205,62,2021-03-16,70.3,42.1,55.8
440,730,"1,706.3760",108.48,1.0,0.732972972972973,1.9406082289803221,62,2021-03-17,62.2,41.9,52.7
441,732,"1,731.8640",125.76,1.0,0.8497297297297297,2.2497316636851523,63,2021-03-18,65.3,41.8,56.6
442,734,"1,726.8719",109.44,1.0,0.7394594594594595,1.9577817531305903,63,2021-03-19,52.1,34.5,42.6
443,736,66.2160,69.12,1.0,0.46702702702702703,1.2364937388193202,63,2021-03-20,60.1,29.8,44.3
444,738,"1,611.0480",114.24,1.0,0.7718918918918919,2.043649373881932,63,2021-03-21,65.0,34.8,49.8
445,740,"1,746.0480",112.32,1.0,0.7589189189189188,2.009302325581395,63,2021-03-22,67.2,43.3,54.9
446,742,"1,716.6000",124.8,1.0,0.8432432432432432,2.2325581395348837,63,2021-03-23,69.6,46.8,59.5
447,744,"1,668.4080",128.64,1.0,0.8691891891891891,2.301252236135957,63,2021-03-24,73.6,56.5,63.6
448,746,"1,834.2000",138.24,1.0,0.9340540540540541,2.4729874776386405,64,2021-03-25,65.9,50.4,59.0
449,748,"1,813.8960",125.76,1.0,0.8497297297297297,2.2497316636851523,64,2021-03-26,63.2,48.6,57.0
450,750,"1,714.4160",116.16,1.0,0.7848648648648648,2.0779964221824687,64,2021-03-27,67.4,43.3,55.3
451,752,"1,748.0400",114.24,1.0,0.7718918918918919,2.043649373881932,64,2021-03-28,62.5,37.5,52.7
452,754,"1,802.9280",120.0,1.0,0.8108108108108109,2.146690518783542,64,2021-03-29,57.4,29.2,44.6
453,756,"1,771.3201",133.44,1.0,0.9016216216216216,2.3871198568872987,64,2021-03-30,73.3,42.4,59.2
454,758,"1,707.7200",125.76,1.0,0.8497297297297297,2.2497316636851523,64,2021-03-31,58.3,39.9,48.7
455,760,"1,768.4399",108.48,1.0,0.732972972972973,1.9406082289803221,65,2021-04-01,39.9,29.1,34.6
456,762,"2,065.9441",141.12,1.0,0.9535135135135135,2.5245080500894455,65,2021-04-02,46.5,23.4,35.0
457,764,"1,879.9921",104.64,1.0,0.707027027027027,1.8719141323792488,65,2021-04-03,61.1,28.5,44.6
458,766,"1,865.0160",127.68,1.0,0.8627027027027028,2.284078711985689,65,2021-04-04,70.5,41.0,55.9
459,768,"1,799.9041",134.4,1.0,0.9081081081081082,2.4042933810375673,65,2021-04-05,73.6,43.8,59.6
460,770,"1,871.5200",134.4,1.0,0.9081081081081082,2.4042933810375673,65,2021-04-06,75.0,48.4,62.9
461,772,"1,973.1119",149.76,1.0,1.0118918918918918,2.6790697674418604,65,2021-04-07,79.5,54.8,67.1
462,774,"1,947.9600",128.64,1.0,0.8691891891891891,2.301252236135957,66,2021-04-08,66.2,60.1,63.0
463,776,"1,758.0480",113.28,1.0,0.7654054054054054,2.0264758497316637,66,2021-04-09,79.0,52.7,65.6
464,778,"1,749.5040",118.08,1.0,0.7978378378378378,2.1123434704830055,66,2021-04-10,65.5,55.6,61.9
465,780,"1,655.1121",115.2,1.0,0.7783783783783784,2.0608228980322005,66,2021-04-11,56.1,49.6,52.7
466,782,"1,763.1840",137.184,1.0,0.9269189189189189,2.454096601073345,66,2021-04-12,67.3,44.6,55.5
467,784,"1,828.1520",133.44,1.0,0.9016216216216216,2.3871198568872987,66,2021-04-13,66.2,48.1,56.3
468,786,"1,701.7200",130.56,1.0,0.8821621621621621,2.3355992844364937,66,2021-04-14,55.8,44.9,50.1
469,788,"1,769.3040",130.56,1.0,0.8821621621621621,2.3355992844364937,67,2021-04-15,54.5,39.4,46.5
470,790,"1,675.2480",123.84,1.0,0.8367567567567568,2.2153846153846155,67,2021-04-16,59.5,33.4,47.1
471,792,"1,612.6320",120.0,1.0,0.8108108108108109,2.146690518783542,67,2021-04-17,58.6,40.3,49.0
472,794,"1,610.8560",102.72,1.0,0.6940540540540541,1.837567084078712,67,2021-04-18,61.5,35.7,50.2
473,796,"1,718.3280",122.88,1.0,0.8302702702702702,2.198211091234347,67,2021-04-19,64.9,44.9,54.6
474,798,"1,698.9120",133.44,1.0,0.9016216216216216,2.3871198568872987,67,2021-04-20,68.2,41.0,54.7
475,800,"1,783.4160",128.64,1.0,0.8691891891891891,2.301252236135957,67,2021-04-21,42.9,31.8,36.4
476,802,"1,822.0320",123.84,1.0,0.8367567567567568,2.2153846153846155,68,2021-04-22,52.9,30.4,41.8
477,804,"1,715.7841",117.12,1.0,0.7913513513513514,2.0951699463327373,68,2021-04-23,58.3,31.2,46.3
478,806,"1,746.0961",130.56,1.0,0.8821621621621621,2.3355992844364937,68,2021-04-24,52.6,48.0,49.9
479,808,"1,654.1520",120.0,1.0,0.8108108108108109,2.146690518783542,68,2021-04-25,61.1,45.0,51.4
480,810,"1,794.6000",134.4,1.0,0.9081081081081082,2.4042933810375673,68,2021-04-26,74.3,38.1,57.2
481,812,"2,058.8401",157.44,1.0,1.0637837837837838,2.816457960644007,68,2021-04-27,79.6,58.1,69.5
482,814,"1,997.8080",126.72,1.0,0.8562162162162162,2.2669051878354205,68,2021-04-28,77.4,65.3,69.4
483,816,"1,966.9440",124.8,1.0,0.8432432432432432,2.2325581395348837,69,2021-04-29,67.8,55.0,64.6
484,818,"1,736.1121",128.64,1.0,0.8691891891891891,2.301252236135957,69,2021-04-30,71.5,48.8,59.5
485,820,"1,674.6960",127.68,1.0,0.8627027027027028,2.284078711985689,69,2021-05-01,70.6,36.2,54.8
486,822,"1,760.7360",107.52,1.0,0.7264864864864865,1.9234347048300537,69,2021-05-02,75.0,53.0,63.6
487,824,"1,938.4561",118.08,1.0,0.7978378378378378,2.1123434704830055,69,2021-05-03,74.1,59.4,66.1
